Start Time (Seconds),End Time (Seconds),Duration (Seconds),Component,Energy Consumption (Joule)
0,4.2780000000000005,4.2780000000000005,screen dark,2.532717914094
0,4.2780000000000005,4.2780000000000005,wifi running,0.3922074522636302
0,4.2780000000000005,4.2780000000000005,phone_scanning,0.32327338360360625

