Start Time (Seconds),End Time (Seconds),Duration (Seconds),Component,Energy Consumption (Joule)
0,3.8689999999999998,3.8689999999999998,screen dark,2.331924403503
0,3.8689999999999998,3.8689999999999998,wifi running,0.3611133020695934
0,3.8689999999999998,3.8689999999999998,phone_scanning,0.2733395385917648

