Start Time (Seconds),End Time (Seconds),Duration (Seconds),Component,Energy Consumption (Joule)
0,3.3970000000000002,3.3970000000000002,screen dark,2.039528111502
0,3.3970000000000002,3.3970000000000002,wifi running,0.31583387947820396
0,3.3970000000000002,3.3970000000000002,phone_scanning,0.2425285279661708

