Start Time (Seconds),End Time (Seconds),Duration (Seconds),Component,Energy Consumption (Joule)
0,5.5969999999999995,5.5969999999999995,screen dark,3.371891163117
0,5.5969999999999995,5.5969999999999995,wifi running,0.522158758793098
0,5.5969999999999995,5.5969999999999995,phone_scanning,0.4383682447361093

