Start Time (Seconds),End Time (Seconds),Duration (Seconds),Component,Energy Consumption (Joule)
0,5.3870000000000005,5.3870000000000005,screen dark,3.1878065248890004
0,5.3870000000000005,5.3870000000000005,wifi running,0.49365208358915885
0,5.3870000000000005,5.3870000000000005,phone_scanning,0.4106845265926766

