Start Time (Seconds),End Time (Seconds),Duration (Seconds),Component,Energy Consumption (Joule)
0,3.8609999999999998,3.8609999999999998,screen dark,2.2831950449879996
0,3.8609999999999998,3.8609999999999998,wifi running,0.35356725146235635
0,3.8609999999999998,3.8609999999999998,phone_scanning,0.3188031740013334

