Start Time (Seconds),End Time (Seconds),Duration (Seconds),Component,Energy Consumption (Joule)
0,2.6959999999999997,2.6959999999999997,screen dark,1.5957520473599998
0,2.6959999999999997,2.6959999999999997,wifi running,0.2471123378788992
0,2.6959999999999997,2.6959999999999997,phone_scanning,0.22281536038686786

