Start Time (Seconds),End Time (Seconds),Duration (Seconds),Component,Energy Consumption (Joule)
0,3.7359999999999998,3.7359999999999998,screen dark,2.213371576032
0,3.7359999999999998,3.7359999999999998,wifi running,0.342754643901503
0,3.7359999999999998,3.7359999999999998,phone_scanning,0.3087678732957486

