Start Time (Seconds),End Time (Seconds),Duration (Seconds),Component,Energy Consumption (Joule)
0,3.2720000000000002,3.2720000000000002,screen dark,1.9649275472880001
0,3.2720000000000002,3.2720000000000002,wifi running,0.3042815083811374
0,3.2720000000000002,3.2720000000000002,phone_scanning,0.2744269763452481

