Start Time (Seconds),End Time (Seconds),Duration (Seconds),Component,Energy Consumption (Joule)
0,3.3890000000000002,3.3890000000000002,screen dark,2.005007412126
0,3.3890000000000002,3.3890000000000002,wifi running,0.31048812996647324
0,3.3890000000000002,3.3890000000000002,phone_scanning,0.24831272166463622

