Start Time (Seconds),End Time (Seconds),Duration (Seconds),Component,Energy Consumption (Joule)
0,2.6630000000000003,2.6630000000000003,screen dark,1.599206008077
0,2.6630000000000003,2.6630000000000003,wifi running,0.2476472056292692
0,2.6630000000000003,2.6630000000000003,phone_scanning,0.21539987610899283

