Start Time (Seconds),End Time (Seconds),Duration (Seconds),Component,Energy Consumption (Joule)
0,2.5300000000000002,2.5300000000000002,screen dark,1.5248820731100001
0,2.5300000000000002,2.5300000000000002,wifi running,0.23613767232775174
0,2.5300000000000002,2.5300000000000002,phone_scanning,0.18847205235104067

