Start Time (Seconds),End Time (Seconds),Duration (Seconds),Component,Energy Consumption (Joule)
0,3.5949999999999998,3.5949999999999998,screen dark,2.1662865105299995
0,3.5949999999999998,3.5949999999999998,wifi running,0.3354632225089191
0,3.5949999999999998,3.5949999999999998,phone_scanning,0.3025493015265422

