Start Time (Seconds),End Time (Seconds),Duration (Seconds),Component,Energy Consumption (Joule)
0,3.7960000000000003,3.7960000000000003,screen dark,2.2478780260560005
0,3.7960000000000003,3.7960000000000003,wifi running,0.34809818681059035
0,3.7960000000000003,3.7960000000000003,phone_scanning,0.2736300935092155

