Start Time (Seconds),End Time (Seconds),Duration (Seconds),Component,Energy Consumption (Joule)
0,4.8309999999999995,4.8309999999999995,screen dark,2.9011506665489994
0,4.8309999999999995,4.8309999999999995,wifi running,0.449261603603079
0,4.8309999999999995,4.8309999999999995,phone_scanning,0.371440285783021

