Start Time (Seconds),End Time (Seconds),Duration (Seconds),Component,Energy Consumption (Joule)
0,4.9399999999999995,4.9399999999999995,screen dark,2.924643874619999
0,4.9399999999999995,4.9399999999999995,wifi running,0.45289967605945136
0,4.9399999999999995,4.9399999999999995,phone_scanning,0.3500440466965805

