Start Time (Seconds),End Time (Seconds),Duration (Seconds),Component,Energy Consumption (Joule)
0,3.5380000000000003,3.5380000000000003,screen dark,2.0921896061039997
0,3.5380000000000003,3.5380000000000003,wifi running,0.3239888463283649
0,3.5380000000000003,3.5380000000000003,phone_scanning,0.27926969863047746

