Start Time (Seconds),End Time (Seconds),Duration (Seconds),Component,Energy Consumption (Joule)
0,3.4939999999999998,3.4939999999999998,screen dark,2.0661702893519998
0,3.4939999999999998,3.4939999999999998,wifi running,0.3199595899014434
0,3.4939999999999998,3.4939999999999998,phone_scanning,0.26476472411935914

