Start Time (Seconds),End Time (Seconds),Duration (Seconds),Component,Energy Consumption (Joule)
0,2.7359999999999998,2.7359999999999998,screen dark,1.6198027613279997
0,2.7359999999999998,2.7359999999999998,wifi running,0.2508367436636961
0,2.7359999999999998,2.7359999999999998,phone_scanning,0.21905330185348987

