Start Time (Seconds),End Time (Seconds),Duration (Seconds),Component,Energy Consumption (Joule)
0,2.9050000000000002,2.9050000000000002,screen dark,1.7126919577950002
0,2.9050000000000002,2.9050000000000002,wifi running,0.2652212256016187
0,2.9050000000000002,2.9050000000000002,phone_scanning,0.20062038231140533

