Start Time (Seconds),End Time (Seconds),Duration (Seconds),Component,Energy Consumption (Joule)
0,3.9130000000000003,3.9130000000000003,screen dark,2.311264487259
0,3.9130000000000003,3.9130000000000003,wifi running,0.3579139828446028
0,3.9130000000000003,3.9130000000000003,phone_scanning,0.270607625831967

