Start Time (Seconds),End Time (Seconds),Duration (Seconds),Component,Energy Consumption (Joule)
0,2.4699999999999998,2.4699999999999998,screen dark,1.46266035942
0,2.4699999999999998,2.4699999999999998,wifi running,0.22650224484250736
0,2.4699999999999998,2.4699999999999998,phone_scanning,0.17601458680773238

