Start Time (Seconds),End Time (Seconds),Duration (Seconds),Component,Energy Consumption (Joule)
0,3.1310000000000002,3.1310000000000002,screen dark,1.8523689015540001
0,3.1310000000000002,3.1310000000000002,wifi running,0.2868510873192764
0,3.1310000000000002,3.1310000000000002,phone_scanning,0.2520563334817061

