Start Time (Seconds),End Time (Seconds),Duration (Seconds),Component,Energy Consumption (Joule)
0,4.5600000000000005,4.5600000000000005,screen dark,2.69967126888
0,4.5600000000000005,4.5600000000000005,wifi running,0.41806123943949364
0,4.5600000000000005,4.5600000000000005,phone_scanning,0.35898075359514714

