Start Time (Seconds),End Time (Seconds),Duration (Seconds),Component,Energy Consumption (Joule)
0,2.9459999999999997,2.9459999999999997,screen dark,1.7429188067639998
0,2.9459999999999997,2.9459999999999997,wifi running,0.269902045111015
0,2.9459999999999997,2.9459999999999997,phone_scanning,0.2279179440906287

