Start Time (Seconds),End Time (Seconds),Duration (Seconds),Component,Energy Consumption (Joule)
0,3.7359999999999998,3.7359999999999998,screen dark,2.2118359343279996
0,3.7359999999999998,3.7359999999999998,wifi running,0.3425168400320061
0,3.7359999999999998,3.7359999999999998,phone_scanning,0.2751672943540951

