Start Time (Seconds),End Time (Seconds),Duration (Seconds),Component,Energy Consumption (Joule)
0,3.7359999999999998,3.7359999999999998,screen dark,2.2517626186319997
0,3.7359999999999998,3.7359999999999998,wifi running,0.348699740638925
0,3.7359999999999998,3.7359999999999998,phone_scanning,0.30912532626321304

