Start Time (Seconds),End Time (Seconds),Duration (Seconds),Component,Energy Consumption (Joule)
0,2.8369999999999997,2.8369999999999997,screen dark,1.678043288277
0,2.8369999999999997,2.8369999999999997,wifi running,0.2598556591007632
0,2.8369999999999997,2.8369999999999997,phone_scanning,0.2342513868536086

