Start Time (Seconds),End Time (Seconds),Duration (Seconds),Component,Energy Consumption (Joule)
0,4.4879999999999995,4.4879999999999995,screen dark,2.7050081992559996
0,4.4879999999999995,4.4879999999999995,wifi running,0.4188876969987943
0,4.4879999999999995,4.4879999999999995,phone_scanning,0.3710899129867537

