Start Time (Seconds),End Time (Seconds),Duration (Seconds),Component,Energy Consumption (Joule)
0,4.8469999999999995,4.8469999999999995,screen dark,2.8689206875199997
0,4.8469999999999995,4.8469999999999995,wifi running,0.4442705866836144
0,4.8469999999999995,4.8469999999999995,phone_scanning,0.3773079872304166

