Start Time (Seconds),End Time (Seconds),Duration (Seconds),Component,Energy Consumption (Joule)
0,3.4779999999999998,3.4779999999999998,screen dark,2.0633801566199996
0,3.4779999999999998,3.4779999999999998,wifi running,0.31952752012999136
0,3.4779999999999998,3.4779999999999998,phone_scanning,0.2668134194942346

