Start Time (Seconds),End Time (Seconds),Duration (Seconds),Component,Energy Consumption (Joule)
0,3.6790000000000003,3.6790000000000003,screen dark,2.17758597264
0,3.6790000000000003,3.6790000000000003,wifi running,0.33721301597050085
0,3.6790000000000003,3.6790000000000003,phone_scanning,0.2642106911553872

